	player	victory ratio
0	0	0.09644
1	1	0.09377
2	2	0.09524
3	3	0.09585
4	4	0.10046
5	5	0.10211
6	6	0.10537
7	7	0.10563
8	8	0.10482
9	9	0.10031
